name,C000,CA01,CA02,CA03,CE01,CE02,CE03,CNS01,CNS02,CNS03,CNS04,CNS05,CNS06,CNS07,CNS08,CNS09,CNS10,CNS11,CNS12,CNS13,CNS14,CNS15,CNS16,CNS17,CNS18,CNS19,CNS20,CR01,CR02,CR03,CR04,CR05,CR07,CT01,CT02,CD01,CD02,CD03,CD04,CS01,CS02,createdate,Latitude,Longitude,Possible Neighborhood
Acton,4021,753,1948,1320,916,1091,2014,31,3,73,289,341,163,370,116,395,91,74,217,41,184,428,479,85,315,124,202,3468,132,55,243,10,113,3074,947,450,691,1036,1091,2152,1869,0,0,0,0
Adams-Normandie,6100,1640,3218,1242,1584,2798,1718,48,2,22,175,342,242,659,213,254,183,134,321,83,524,457,1017,138,812,318,156,4155,1286,108,391,24,136,2362,3738,1373,974,1244,869,3026,3074,0,0,0,0
Agoura Hills,9539,1622,5057,2860,2136,2167,5236,88,8,32,314,634,346,775,150,1035,617,258,1076,164,502,913,1058,257,799,325,188,8033,323,61,887,18,217,8268,1271,821,1356,2378,3362,5017,4522,0,0,0,0
Agua Dulce,2158,389,1024,745,666,516,976,17,1,20,156,158,72,191,52,394,58,32,147,18,93,177,242,40,144,66,80,1856,89,27,126,6,54,1655,503,241,361,559,608,1233,925,0,0,0,0
Alhambra,38542,7729,21984,8829,9242,12563,16737,226,9,346,860,2445,2272,3516,1122,1437,1650,581,2561,649,2091,3555,7022,832,4191,1303,1874,18041,1256,448,17854,93,850,24696,13846,6433,5671,8487,10222,18444,20098,0,0,0,0
Alondra Park,3824,854,2149,821,834,1333,1657,34,5,15,139,361,182,404,253,121,120,82,210,57,305,301,515,60,389,143,128,2507,487,47,636,21,126,2207,1617,647,595,922,806,1958,1866,0,0,0,0
Altadena,20589,3432,11409,5748,4755,5504,10330,130,8,168,549,851,655,1538,478,1657,928,342,1894,259,1187,2689,3532,481,1687,709,847,13828,3846,208,1960,50,697,15141,5448,2491,3339,5220,6107,10281,10308,0,0,0,0
Angeles Crest,485,98,248,139,126,155,204,2,0,2,18,37,23,76,16,22,13,9,25,4,33,44,82,5,44,12,18,323,57,11,59,6,29,322,163,70,83,118,116,243,242,0,0,0,0
Arcadia,23240,3794,13193,6253,4634,6705,11901,168,9,190,578,1388,1894,2045,660,741,1270,412,1979,403,1084,2023,4213,493,2040,742,908,8950,670,164,12973,40,443,19549,3691,2811,3208,5412,8015,11367,11873,0,0,0,0
Arleta,14375,3742,7615,3018,3213,6287,4875,141,4,91,834,1455,612,1672,413,550,410,273,667,179,1129,956,2642,228,1394,441,284,11601,438,217,1867,40,212,4369,10006,3286,2347,2850,2150,7243,7132,0,0,0,0
Arlington Heights,8375,2137,4371,1867,2151,3615,2609,48,2,32,224,408,411,899,270,491,249,194,478,135,646,595,1339,216,1139,409,190,4899,1519,115,1605,35,202,4361,4014,1578,1388,1741,1531,4210,4165,0,0,0,0
Artesia,7842,1655,4324,1863,1676,2691,3475,55,8,46,310,694,495,854,349,183,258,104,399,136,438,659,1282,186,847,264,275,4194,384,49,3010,28,177,5249,2593,1164,1192,1782,2049,4008,3834,0,0,0,0
Athens,3703,953,1960,790,904,1534,1265,17,3,22,103,301,144,370,291,101,90,68,148,49,356,281,617,91,368,107,176,1644,1736,44,176,21,82,2173,1530,668,686,883,513,1810,1893,0,0,0,0
Atwater Village,7193,1409,4232,1552,1800,2221,3172,50,3,37,175,343,272,627,132,905,255,145,565,100,426,548,1174,212,723,263,238,5293,269,75,1360,18,178,4398,2795,1115,1155,1643,1871,3741,3452,0,0,0,0
Avalon,1824,426,887,511,522,728,574,9,0,13,104,85,60,233,73,9,30,39,49,15,92,115,154,52,561,62,69,1460,101,34,151,13,65,927,897,356,325,408,309,976,848,0,0,0,0
Avocado Heights,7458,1847,3975,1636,1623,3078,2757,41,7,46,324,904,555,796,388,117,217,117,296,121,574,605,1049,104,734,228,235,5955,162,135,1084,30,92,2156,5302,1654,1250,1570,1137,3793,3665,0,0,0,0
Azusa,20357,4948,10935,4474,4566,8008,7783,152,12,143,1012,2090,1144,2228,705,409,600,287,872,287,1565,1933,3168,371,2063,643,673,15674,881,337,2980,59,426,8119,12238,3933,3267,4486,3723,10365,9992,0,0,0,0
Baldwin Hills/Crenshaw,13409,3003,7303,3103,3642,4718,5049,75,1,60,288,462,390,1193,619,896,397,270,862,146,1171,1181,2620,354,1311,508,605,4984,6965,118,920,45,377,10158,3251,1993,2449,3303,2661,6258,7151,0,0,0,0
Baldwin Park,31815,8193,17082,6540,7382,13742,10691,204,15,198,1564,3562,2240,3515,1374,551,922,439,1285,425,2547,2131,5180,495,3307,948,913,23002,807,536,6898,81,491,10144,21671,7202,4966,6355,5099,16196,15619,0,0,0,0
Bel-Air,2987,461,1518,1008,642,653,1692,23,1,9,78,136,175,217,63,358,137,80,344,48,151,249,417,97,236,132,36,2351,141,15,365,11,104,2640,347,302,418,722,1084,1597,1390,0,0,0,0
Bellflower,35324,8705,19313,7306,7973,13309,14042,275,27,222,1712,3297,1921,3761,2039,618,944,600,1507,567,2941,2485,5519,904,3557,1079,1349,22896,5628,476,5232,276,816,18202,17122,6283,5901,8035,6400,17458,17866,0,0,0,0
Bell Gardens,14447,4231,7521,2695,3318,7107,4022,124,8,71,705,1962,1140,1636,800,207,297,202,518,231,1363,751,1818,219,1618,465,312,12934,478,309,513,40,173,2268,12179,3840,2274,2639,1463,7663,6784,0,0,0,0
Bell,12639,3531,6590,2518,2898,6200,3541,130,3,46,547,1660,1072,1580,708,164,236,176,402,178,1260,730,1628,188,1271,381,279,11382,437,187,438,31,164,2389,10250,3339,2134,2296,1339,6809,5830,0,0,0,0
Beverly Crest,4347,635,2272,1440,1050,865,2432,27,1,11,86,173,200,338,68,672,180,129,524,53,236,355,561,176,352,162,43,3625,134,19,407,10,152,3862,485,397,650,1041,1624,2356,1991,0,0,0,0
Beverly Grove,12082,2537,7195,2350,3050,2511,6521,52,3,23,203,338,428,804,192,2415,495,346,1563,136,654,724,1566,466,1098,461,115,9659,758,78,1185,31,371,10507,1575,1074,1764,2769,3938,6169,5913,0,0,0,0
Beverly Hills,16787,2721,9242,4824,4841,3596,8350,91,3,35,323,558,984,1390,269,2998,680,441,1920,208,861,980,2216,635,1373,626,196,13406,1043,97,1533,33,675,15033,1754,1493,2506,4089,5978,8368,8419,0,0,0,0
Beverlywood,2989,525,1666,798,673,592,1724,15,0,6,69,115,118,205,61,435,122,78,375,39,143,267,371,113,262,147,48,2597,111,17,172,4,88,2671,318,225,433,752,1054,1651,1338,0,0,0,0
Boyle Heights,32053,9305,16559,6189,7914,15019,9120,228,11,187,1118,2952,2055,3623,1363,951,778,488,1477,466,2543,2203,5057,634,3728,1138,1053,27220,1395,592,2169,105,572,6839,25214,7717,5021,5948,4062,16405,15648,0,0,0,0
Bradbury,525,103,265,157,111,172,242,5,0,6,43,43,35,63,21,9,12,11,41,3,29,39,74,13,38,17,23,337,13,2,160,1,12,402,123,60,91,117,154,283,242,0,0,0,0
Brentwood,15330,2987,8338,4005,3134,2797,9399,60,8,38,346,612,597,1005,242,2405,822,470,2232,231,753,1240,1814,571,1150,545,189,12503,608,87,1586,47,499,13570,1760,1260,2065,3598,5420,7798,7532,0,0,0,0
Broadway-Manchester,9563,2747,5052,1764,2642,4748,2173,77,4,25,378,905,532,903,643,176,182,150,316,101,1048,612,1685,132,1111,340,243,6118,2789,161,289,31,175,3762,5801,2235,1643,1897,1041,4760,4803,0,0,0,0
Burbank,56474,10190,33594,12690,15420,14535,26519,291,12,353,1394,2646,1791,4277,1025,10822,1980,1110,4536,710,3093,3956,8769,1981,4432,1732,1564,44786,2648,462,6781,103,1694,43150,13324,6431,8794,13774,17285,28657,27817,0,0,0,0
Calabasas,11044,1844,5822,3378,2633,2255,6156,87,4,23,373,594,497,881,175,1385,744,329,1233,195,576,917,1343,337,851,303,197,8987,458,64,1185,16,334,9838,1206,911,1565,2724,4000,5874,5170,0,0,0,0
Canoga Park,25383,6235,13856,5292,6094,9347,9942,169,10,88,1075,1828,991,2825,504,1691,1325,558,1878,367,1868,1540,4194,524,2561,906,481,18523,1930,340,3846,68,676,13611,11772,4146,3802,5554,5646,12931,12452,0,0,0,0
Carson,44656,9690,24510,10456,9218,15645,19793,265,57,236,1460,4331,2165,4210,3480,1036,1248,718,2313,674,3392,2979,7896,781,4053,1303,2059,19889,9169,502,13156,664,1276,28036,16620,7241,7290,10548,9887,21941,22715,0,0,0,0
Carthay,2478,418,1500,560,700,516,1262,10,1,5,32,58,85,193,45,547,85,61,297,31,146,156,283,87,219,90,47,1918,242,11,227,5,75,2155,323,234,352,606,868,1248,1230,0,0,0,0
Castaic Canyons,17816,3452,10313,4051,3962,4631,9223,146,14,168,824,1391,725,1633,561,1257,611,335,1177,237,972,1756,2701,542,1495,529,742,12964,1188,177,2819,86,582,13158,4658,2009,2800,4559,4996,9333,8483,0,0,0,0
Castaic,10135,2002,5685,2448,2242,2707,5186,80,3,104,480,837,417,979,338,732,311,207,643,115,579,923,1429,312,814,278,554,7734,583,133,1317,38,330,7190,2945,1269,1594,2519,2751,5383,4752,0,0,0,0
Central-Alameda,13746,4503,6837,2406,3546,7306,2894,125,5,32,509,1649,957,1612,632,277,257,218,589,148,1353,830,1912,241,1618,488,294,10865,1654,324,632,47,224,3411,10335,3437,2183,2244,1379,7118,6628,0,0,0,0
Century City,3817,534,2200,1083,1253,618,1946,16,0,8,61,99,94,191,41,1092,189,101,542,39,185,237,369,137,244,137,35,3051,217,16,402,7,124,3479,338,271,563,940,1509,2066,1751,0,0,0,0
Cerritos,22424,4120,12618,5686,4375,6205,11844,128,14,132,653,1949,1623,2041,1002,502,858,283,1496,423,1215,1927,4147,511,1922,608,990,7424,1720,144,12513,99,524,18667,3757,2531,3268,5234,7271,10904,11520,0,0,0,0
Charter Oak,4439,924,2472,1043,974,1404,2061,38,1,46,200,293,255,486,178,91,162,62,228,61,333,475,701,94,407,139,189,3427,211,55,628,9,109,2200,2239,720,759,1072,964,2214,2225,0,0,0,0
Chatsworth,21312,3849,11529,5934,4796,6023,10493,173,9,125,779,1635,896,1919,446,1610,1184,456,1630,298,1253,1772,3640,471,1784,768,464,14910,1158,158,4451,60,575,16236,5076,2523,3222,5170,6548,10609,10703,0,0,0,0
Chatsworth Reservoir,215,74,88,53,60,76,79,4,0,0,14,13,10,30,6,13,6,5,17,1,9,16,32,1,27,10,1,134,28,8,32,0,13,145,70,37,20,44,40,111,104,0,0,0,0
Chesterfield Square,2733,584,1474,675,670,1250,813,19,1,16,70,142,83,262,154,72,63,54,114,33,276,226,553,49,295,124,127,1267,1291,21,96,13,45,1629,1104,535,515,693,406,1231,1502,0,0,0,0
Cheviot Hills,3045,531,1717,797,577,572,1896,14,0,7,50,119,120,212,46,433,156,97,472,39,142,261,368,112,239,100,58,2418,140,18,364,11,94,2646,399,250,452,658,1154,1675,1370,0,0,0,0
Chinatown,5382,1315,2962,1105,1644,1833,1905,39,0,22,111,331,282,501,159,277,184,90,411,71,364,291,1095,121,711,195,127,2392,566,56,2238,20,110,3804,1578,892,856,1103,1216,2695,2687,0,0,0,0
Citrus,5359,1400,2827,1132,1265,2166,1928,37,2,26,265,547,318,639,184,91,148,67,225,64,420,490,819,93,555,194,175,4410,155,122,566,10,96,1668,3691,1159,819,1109,872,2746,2613,0,0,0,0
Claremont,16143,2907,8746,4490,3276,4042,8825,130,5,147,707,981,757,1333,475,436,540,212,987,190,813,3552,2172,337,1202,414,753,12110,937,109,2484,31,472,12064,4079,1811,2592,4109,4724,8052,8091,0,0,0,0
Commerce,5484,1437,2926,1121,1310,2396,1778,43,2,52,199,668,444,559,328,94,112,77,199,123,462,383,657,112,498,182,290,4846,149,126,272,12,79,1054,4430,1326,932,1082,707,2868,2616,0,0,0,0
Compton,38078,10266,20459,7353,9146,17338,11594,315,34,186,1714,4333,1926,3874,2732,574,768,532,1149,512,4140,2621,5807,668,3555,1188,1450,23757,11666,522,1190,253,690,15449,22629,8428,6796,8216,4372,19068,19010,0,0,0,0
Covina,24202,5637,13016,5549,5255,8399,10548,215,14,247,1146,1992,1585,2528,927,524,777,346,1184,347,1737,2482,3716,437,2259,744,995,18288,1203,378,3718,75,540,11708,12494,3934,3941,5622,5068,12047,12155,0,0,0,0
Cudahy,8373,2476,4378,1519,1998,4188,2187,89,8,31,364,1073,674,1003,472,114,161,109,264,93,817,451,1127,124,948,273,178,7429,325,143,321,40,115,1348,7025,2172,1362,1506,857,4541,3832,0,0,0,0
Culver City,21378,3848,12568,4962,4327,4797,12254,124,3,88,477,887,708,1616,526,2726,837,535,2623,277,1258,2238,2578,588,1940,756,593,14718,2175,173,3455,76,781,16594,4784,2407,3133,5150,6840,10688,10690,0,0,0,0
Cypress Park,3779,1019,2065,695,1011,1593,1175,30,1,29,135,283,176,418,141,180,118,61,191,51,263,333,582,64,455,158,110,3158,113,61,359,10,78,1022,2757,852,626,743,539,1949,1830,0,0,0,0
Del Aire,4975,1096,2848,1031,1005,1551,2419,35,3,29,160,436,248,455,350,241,149,109,410,66,333,435,550,92,555,189,130,3819,352,61,550,46,147,2888,2087,821,785,1139,1134,2580,2395,0,0,0,0
Del Rey,13721,2923,8040,2758,2719,3523,7479,75,3,53,308,612,532,1171,370,1615,523,363,1653,191,851,1203,1619,376,1455,474,274,10054,971,162,2048,56,430,9661,4060,1763,1969,3016,4050,6987,6734,0,0,0,0
Desert View Highlands,955,243,503,209,218,358,379,12,2,7,47,104,23,101,28,23,26,13,38,7,68,103,142,16,121,27,47,776,86,14,59,3,17,447,508,173,163,194,182,480,475,0,0,0,0
Diamond Bar,24675,4799,13248,6628,5037,7435,12203,197,6,166,867,1931,2622,2425,1005,569,1011,390,1486,397,1551,2149,3692,466,2082,716,947,10399,1165,214,12245,91,561,18996,5679,3128,3519,5719,7510,12338,12337,0,0,0,0
Downey,50487,12015,28283,10189,10409,18011,22067,400,41,326,2131,4864,3132,5388,2496,1008,1499,907,2086,764,3766,4396,7184,1128,5115,1572,2284,41340,2862,739,4452,183,911,16484,34003,10226,8472,11348,8426,25432,25055,0,0,0,0
Downtown,20773,4959,12253,3561,4724,5712,10337,142,18,129,491,1171,1238,1677,493,2110,1011,434,2413,349,1478,1315,2505,594,1994,684,527,12635,2806,253,4351,71,657,16041,4732,2494,3190,4577,5553,11636,9137,0,0,0,0
Duarte,10068,2120,5475,2473,2216,3384,4468,70,6,80,406,719,470,1003,316,275,357,159,593,131,695,1051,1859,212,923,385,358,6831,745,171,2079,19,223,5587,4481,1660,1595,2378,2315,4967,5101,0,0,0,0
Eagle Rock,16355,3028,9666,3661,3801,4890,7664,93,7,141,398,739,600,1263,340,1766,666,306,1268,198,899,1599,2793,467,1603,557,652,10833,535,175,4280,47,485,11205,5150,2209,2451,3848,4819,8466,7889,0,0,0,0
East Compton,5532,1628,2888,1016,1338,2673,1521,40,3,26,267,745,279,654,353,80,122,59,164,81,577,364,808,80,508,181,141,4106,996,93,202,38,97,1645,3887,1337,870,1083,614,2864,2668,0,0,0,0
East Hollywood,27945,7548,14853,5544,7595,11378,8972,163,5,63,627,1108,1076,2847,677,2357,850,663,2028,360,1900,1552,5155,753,3987,1294,480,19812,1618,393,5283,94,745,15834,12111,4765,4251,5591,5790,14377,13568,0,0,0,0
East La Mirada,4753,1024,2694,1035,929,1485,2339,24,6,30,262,425,336,485,221,67,152,64,205,81,326,560,607,142,423,143,194,4043,152,56,376,10,116,2278,2475,740,818,1179,992,2456,2297,0,0,0,0
East Los Angeles,45053,12781,23899,8373,10700,21180,13173,329,23,223,1927,5026,3159,5105,2179,755,1078,613,1686,658,3722,3275,6667,797,4787,1490,1554,39842,1385,924,2124,136,642,7219,37834,11283,7448,8460,5081,23376,21677,0,0,0,0
East Pasadena,2813,562,1522,729,622,870,1321,19,0,19,79,132,140,259,84,84,151,54,230,46,165,251,500,58,317,110,115,1696,155,36,850,9,67,1815,998,421,428,632,770,1360,1453,0,0,0,0
East San Gabriel,9670,1813,5427,2430,2220,3055,4395,97,2,77,235,564,638,880,281,266,454,172,738,178,486,885,1790,191,992,295,449,4071,301,96,4986,16,200,7239,2431,1367,1399,2126,2965,4656,5014,0,0,0,0
Echo Park,15984,3947,9174,2863,4283,5509,6192,122,3,86,369,784,570,1260,374,2117,480,323,1357,217,1012,1181,2157,558,1962,674,378,12118,732,226,2424,37,447,9470,6514,2540,2343,3393,3761,8343,7641,0,0,0,0
Elizabeth Lake,1073,240,547,286,277,302,494,8,0,18,78,96,52,117,39,46,23,11,60,10,40,142,142,20,95,26,50,892,49,12,89,3,28,813,260,136,172,260,265,566,507,0,0,0,0
El Monte,43973,11318,23244,9411,11467,19642,12864,323,16,206,1783,5159,3200,4686,1617,712,1209,635,1830,605,3309,2878,7310,767,5019,1459,1250,27406,1077,701,14013,122,654,19317,24656,9602,6804,8636,7613,22306,21667,0,0,0,0
El Segundo,9025,1552,5387,2086,1533,1684,5808,47,6,35,274,955,386,575,520,662,410,207,1178,147,496,838,780,194,749,246,320,7104,403,62,1111,51,294,7376,1649,861,1292,2269,3051,4742,4283,0,0,0,0
El Sereno,17127,4171,9602,3354,4144,6500,6483,90,7,161,537,1167,830,1723,626,704,505,265,922,243,1168,1641,2803,379,1896,618,842,13144,745,334,2508,60,336,5520,11607,3579,2853,3506,3018,8633,8494,0,0,0,0
Elysian Park,1297,285,745,267,403,432,462,6,0,4,21,79,58,102,44,115,39,26,98,11,66,105,239,43,159,52,30,667,69,18,505,2,36,986,311,199,210,247,356,633,664,0,0,0,0
Elysian Valley,2993,691,1704,598,763,1142,1088,21,0,19,94,194,153,285,106,223,93,46,173,29,196,195,483,77,345,137,124,1964,109,60,776,10,74,1426,1567,584,451,632,635,1476,1517,0,0,0,0
Encino,21627,3507,12278,5842,5960,5263,10404,126,5,53,575,814,725,1632,322,3326,1041,565,2242,292,1192,1574,3542,730,1709,827,335,17601,1278,131,1846,50,721,18600,3027,2045,3300,5414,7361,11049,10578,0,0,0,0
Exposition Park,11731,3222,6178,2331,3169,5320,3242,82,3,49,321,674,466,1251,481,390,306,246,571,157,1104,896,2031,293,1544,555,311,7449,3171,203,637,53,218,4872,6859,2596,1968,2401,1544,5759,5972,0,0,0,0
Fairfax,6495,1222,4090,1183,1888,1395,3212,32,2,12,131,185,236,431,91,1448,247,167,750,77,363,430,705,268,612,249,59,5400,351,51,503,12,178,5627,868,598,996,1552,2127,3432,3063,0,0,0,0
Florence-Firestone,21185,6227,11115,3843,4934,10884,5367,181,9,54,949,2772,1528,2428,1266,299,423,307,703,268,2124,1283,2794,301,2218,785,493,17323,2326,372,750,80,334,4448,16737,5552,3474,3805,2127,11098,10087,0,0,0,0
Florence,16607,5007,8596,3004,4417,8423,3767,145,7,33,603,1739,1046,1807,966,280,293,270,594,209,1760,1019,2597,317,1952,615,355,12074,3337,284,602,45,265,5116,11491,4035,2817,3062,1686,8519,8088,0,0,0,0
Gardena,27417,6016,15091,6310,6269,9971,11177,154,17,127,825,2510,1521,2770,1967,770,726,536,1547,418,2030,2027,4164,570,2859,909,970,12837,6257,278,7056,173,816,17680,9737,4495,4557,6459,5890,13404,14013,0,0,0,0
Glassell Park,10213,2271,5895,2047,2484,3688,4041,63,2,75,274,612,421,943,290,913,309,149,658,147,617,787,1796,279,1100,418,360,7249,405,146,2095,28,290,5149,5064,1832,1558,2147,2405,5227,4986,0,0,0,0
Glendale,95242,17826,55351,22065,27490,28034,39718,534,34,544,2571,4871,3500,8011,1912,7641,3644,1796,7383,1228,5175,6918,23177,2362,7829,3224,2888,72603,3070,593,15915,199,2862,77808,17434,10685,14936,23214,28581,45170,50072,0,0,0,0
Glendora,23291,4573,12770,5948,4795,6693,11803,177,18,231,1196,1649,1252,2302,791,619,747,372,1340,344,1295,3341,3417,437,1937,785,1041,18977,745,246,2729,36,558,15374,7917,2944,3830,5908,6036,11613,11678,0,0,0,0
Gramercy Park,4432,909,2466,1057,1142,1617,1673,32,0,40,101,189,116,383,313,156,100,78,175,47,424,460,871,104,369,144,330,1294,2840,48,147,12,91,3230,1202,761,826,1205,731,1977,2455,0,0,0,0
Granada Hills,25609,5012,14110,6487,6169,7768,11672,202,8,170,988,1630,962,2419,604,1722,1000,473,1669,351,1550,2364,4955,576,2246,917,803,18680,1239,226,4700,66,698,17812,7797,3370,4008,6159,7060,12631,12978,0,0,0,0
Green Meadows,12005,3482,6293,2230,3181,5948,2876,78,6,49,448,1181,664,1272,833,202,212,217,410,152,1265,759,1950,213,1321,416,357,7705,3429,197,420,49,205,4566,7439,2750,2074,2391,1308,5898,6107,0,0,0,0
Green Valley,864,198,437,229,222,256,386,5,0,19,51,59,41,88,27,70,22,22,59,5,39,100,107,16,76,23,35,706,38,12,66,6,36,643,221,98,142,203,223,456,408,0,0,0,0
Griffith Park,203,41,113,49,58,63,82,0,0,0,7,15,4,18,3,35,6,6,15,2,11,14,33,7,18,7,2,130,33,2,35,0,3,150,53,25,33,35,69,111,92,0,0,0,0
Hacienda Heights,25458,5251,14080,6127,5293,8376,11789,170,25,242,910,2224,2349,2584,1126,525,933,322,1319,415,1603,2344,3665,537,2392,693,1080,14681,722,301,9180,82,492,14135,11323,4211,3937,5837,6222,12562,12896,0,0,0,0
Hancock Park,5287,889,3177,1221,1382,1032,2873,13,0,13,100,157,213,361,69,1123,267,142,645,75,252,372,609,184,423,186,83,3977,333,23,787,14,153,4679,608,466,765,1274,1893,2761,2526,0,0,0,0
Hansen Dam,86,18,47,21,21,28,37,1,0,0,0,4,7,10,3,2,1,0,5,1,5,9,17,6,5,7,3,51,8,3,18,0,6,62,24,14,10,19,25,41,45,0,0,0,0
Harbor City,10847,2456,6002,2389,2437,3974,4436,104,18,52,416,1083,577,1151,894,225,250,209,577,162,791,730,1644,185,1143,334,302,6619,1349,126,2361,96,296,6439,4408,1742,1802,2584,2263,5414,5433,0,0,0,0
Harbor Gateway,16987,4225,9229,3533,4020,6844,6123,162,13,87,668,1738,859,1764,1166,387,407,318,862,207,1480,1133,2486,349,1824,611,466,9973,2779,218,3464,122,431,8855,8132,3143,2774,3676,3169,8498,8489,0,0,0,0
Harvard Heights,6440,1741,3322,1377,1702,2821,1917,53,1,14,167,346,298,684,234,273,214,155,403,82,522,425,1069,146,917,326,111,3875,845,108,1435,25,152,3051,3389,1329,995,1250,1125,3184,3256,0,0,0,0
Harvard Park,4682,1176,2479,1027,1209,2140,1333,29,3,14,133,315,208,501,241,110,98,105,184,56,447,301,868,93,624,193,159,2835,1491,103,132,17,104,1918,2764,1090,792,1020,604,2260,2422,0,0,0,0
Hasley Canyon,1159,262,580,317,306,324,529,6,0,9,61,101,39,116,35,103,41,18,69,15,53,109,131,52,103,38,60,983,28,6,90,12,40,873,286,109,188,273,327,633,526,0,0,0,0
Hawaiian Gardens,6612,1716,3610,1286,1453,2627,2532,62,6,34,321,649,370,771,279,109,196,102,287,106,492,471,866,264,778,172,277,4954,392,79,1003,37,147,2336,4276,1338,1066,1370,1122,3414,3198,0,0,0,0
Hawthorne,40115,9825,22467,7823,9155,16155,14805,261,10,206,1146,2772,1527,4153,3212,1274,1080,918,2187,570,3497,3054,5933,764,4895,1512,1144,23544,10629,573,4011,319,1039,21480,18635,7480,6785,9135,6890,19859,20256,0,0,0,0
Hermosa Beach,9101,1632,5652,1817,1466,1456,6179,59,9,35,275,827,451,629,365,774,439,217,1300,159,516,707,835,224,808,241,231,7678,282,48,807,25,261,7995,1106,732,1352,2143,3242,4892,4209,0,0,0,0
Hidden Hills,802,151,410,241,189,191,422,6,0,2,35,47,32,69,15,84,55,23,89,24,44,62,101,21,50,29,14,691,40,3,57,1,10,709,93,66,114,183,288,442,360,0,0,0,0
Highland Park,23945,5652,13586,4707,5966,8894,9085,151,5,150,718,1379,1033,2462,726,1802,770,407,1527,321,1585,2072,3867,646,2669,912,743,18531,954,405,3347,57,651,10263,13682,4486,3728,5128,4951,12248,11697,0,0,0,0
Historic South-Central,15045,4929,7313,2803,4013,7672,3360,157,1,43,577,1676,996,1721,674,323,308,296,591,183,1450,965,2143,269,1805,567,300,12018,1658,309,707,58,295,3882,11163,3555,2343,2605,1613,7872,7173,0,0,0,0
Hollywood Hills,12904,2357,7723,2824,4401,2727,5776,57,0,32,212,331,364,769,169,3744,437,268,1341,124,655,779,1324,587,1097,431,183,10438,863,92,1065,32,414,11117,1787,1153,1922,3098,4374,6925,5979,0,0,0,0
Hollywood Hills West,7339,1126,4261,1952,2322,1387,3630,34,1,10,120,225,254,443,97,1835,286,183,859,85,395,425,796,258,671,271,91,6079,389,48,562,18,243,6431,908,689,1107,1772,2645,4070,3269,0,0,0,0
Hollywood,38028,9816,21387,6825,11714,12180,14134,167,4,82,685,1131,1133,3094,674,6666,1174,913,3541,485,2464,2085,5058,1488,5136,1636,412,29232,3426,402,3652,113,1203,26940,11088,5084,5646,7981,9501,20564,17464,0,0,0,0
Huntington Park,21234,6134,10922,4178,5067,10553,5614,213,16,84,928,2834,1556,2579,1079,309,413,336,708,279,1955,1377,2782,318,2334,686,448,18593,812,439,1023,77,290,3739,17495,5573,3380,3849,2298,11177,10057,0,0,0,0
Hyde Park,15512,3483,8488,3541,4142,5904,5466,65,3,116,350,685,490,1422,917,743,386,286,804,181,1385,1347,3069,349,1558,643,713,6544,7612,246,596,57,457,9823,5689,2712,2905,3923,2489,7269,8243,0,0,0,0
Industry,228,62,121,45,61,91,76,2,1,2,11,31,17,26,7,4,11,1,7,4,15,16,35,5,24,6,3,177,9,1,35,1,5,127,101,43,36,49,38,118,110,0,0,0,0
Inglewood,48850,11676,26484,10690,11859,19716,17275,287,23,289,1285,2588,1623,4948,3455,1883,1233,1155,2442,676,4234,3919,8038,1125,5845,1901,1901,25240,19384,638,2223,196,1169,26619,22231,9310,8672,11623,7569,22886,25964,0,0,0,0
Irwindale,991,222,556,213,201,431,359,11,1,10,43,107,85,97,39,14,18,8,34,19,87,95,118,11,91,27,76,816,30,27,91,5,22,221,770,241,140,238,150,531,460,0,0,0,0
Jefferson Park,9914,2434,5381,2099,2618,4141,3155,47,3,47,236,444,341,1006,383,552,255,244,555,131,847,800,1786,278,1211,440,308,5762,3040,164,627,41,280,5102,4812,1932,1743,2174,1631,4791,5123,0,0,0,0
Koreatown,41955,11109,22353,8493,10733,16737,14485,264,9,106,858,1872,2327,4458,1108,2976,1635,1051,3380,660,3039,2251,6620,1052,5762,1896,631,21957,3420,489,14900,124,1065,27417,14538,6475,6150,8478,9743,21349,20606,0,0,0,0
La Canada Flintridge,8881,1311,4711,2859,1666,1933,5282,54,5,60,295,487,474,646,152,672,455,179,1076,132,396,1092,1289,244,631,272,270,5975,241,46,2397,11,211,7896,985,726,1261,2188,3395,4630,4251,0,0,0,0
La Crescenta-Montrose,9635,1421,5492,2722,2070,2417,5148,59,3,85,323,504,465,730,190,706,423,168,974,131,472,1118,1699,209,656,329,391,6729,230,72,2334,17,253,8228,1407,960,1446,2417,3391,4718,4917,0,0,0,0
Ladera Heights,2739,425,1468,846,613,617,1509,16,0,20,36,103,73,193,128,266,112,66,236,34,185,315,427,73,174,94,188,723,1715,12,172,9,108,2447,292,327,484,766,737,1208,1531,0,0,0,0
La Habra Heights,2777,547,1418,812,564,793,1420,29,1,25,155,241,209,277,120,61,80,44,158,55,168,285,340,82,246,91,110,2090,47,31,533,13,63,2027,750,342,447,710,731,1478,1299,0,0,0,0
Lake Balboa,12406,2423,7102,2881,3137,3904,5365,80,2,49,443,603,464,1224,262,1403,520,262,956,153,792,996,2091,304,1150,480,172,9516,832,172,1483,37,366,7911,4495,1888,2009,2935,3151,6307,6099,0,0,0,0
Lake Hughes,430,96,249,85,101,150,179,1,1,5,21,32,24,43,8,21,10,8,29,4,25,33,65,16,46,15,23,331,61,10,17,4,7,301,129,55,72,98,109,210,220,0,0,0,0
Lake Los Angeles,4484,1146,2268,1070,1272,1709,1503,55,7,27,321,486,144,523,194,101,85,75,182,47,281,427,799,68,388,144,130,3582,454,98,190,11,149,2224,2260,882,777,996,683,2336,2148,0,0,0,0
Lake View Terrace,5740,1281,3112,1347,1408,2186,2146,46,4,48,293,480,215,537,168,379,196,106,295,59,411,466,1055,122,487,190,183,4251,660,79,603,21,126,2860,2880,1028,943,1309,1179,2957,2783,0,0,0,0
Lakewood,39892,8053,22886,8953,7796,11576,20520,289,39,278,1800,3503,2231,3812,2381,819,1261,680,2181,708,2513,3860,5764,1158,3628,1190,1797,26165,3720,365,7941,359,1342,27340,12552,5339,6433,10105,9962,20168,19724,0,0,0,0
La Mirada,23072,4919,12621,5532,4661,7164,11247,161,21,149,1158,2103,1760,2435,931,467,781,353,1093,399,1449,2396,3248,615,2000,608,945,16748,806,288,4637,79,514,13192,9880,3533,3587,5568,5465,11861,11211,0,0,0,0
Lancaster,58717,14395,31933,12389,15161,20867,22689,616,143,401,2783,5317,1619,6281,2330,1317,1358,800,2604,494,3380,5895,12024,1105,5574,1591,3085,41348,11094,804,3621,188,1662,35879,22838,9509,10293,14108,10412,28956,29761,0,0,0,0
La Puente,16854,4467,8929,3458,3827,7269,5758,123,8,111,814,2073,1333,1860,757,220,515,225,575,258,1478,1115,2307,307,1794,509,472,13128,498,320,2558,70,280,4535,12319,3941,2813,3280,2353,8753,8101,0,0,0,0
Larchmont,4161,890,2439,832,1159,1233,1769,16,1,7,73,120,166,345,55,728,161,105,399,67,239,243,598,135,491,157,55,2757,262,30,1004,4,104,3148,1013,493,624,931,1223,2126,2035,0,0,0,0
La Verne,14732,2821,7974,3937,2998,4082,7652,124,7,159,804,1145,780,1273,481,416,490,248,817,202,878,2241,1989,279,1246,420,733,11940,610,157,1609,36,380,9603,5129,1858,2384,3873,3796,7369,7363,0,0,0,0
Lawndale,14541,3623,7939,2979,3324,5662,5555,81,10,65,527,1246,625,1594,983,467,371,323,858,198,1217,991,1916,271,1861,591,346,10239,1875,235,1672,102,418,6913,7628,2849,2424,3095,2550,7497,7044,0,0,0,0
Leimert Park,5414,1045,2968,1401,1403,1768,2243,23,1,43,107,196,148,440,251,377,157,113,306,69,405,563,1072,129,472,188,354,1721,3208,53,263,14,155,4158,1256,816,987,1494,1072,2448,2966,0,0,0,0
Lennox,8831,2586,4466,1779,1975,4345,2511,63,6,18,295,681,328,1008,711,186,203,223,345,124,795,534,1081,177,1547,378,128,7338,729,157,382,52,173,1825,7006,2308,1328,1600,1009,4538,4293,0,0,0,0
Leona Valley,883,181,458,244,199,228,456,11,0,11,44,89,28,81,31,38,18,13,50,6,32,144,118,20,69,22,58,766,38,6,47,1,25,723,160,92,143,227,240,485,398,0,0,0,0
Lincoln Heights,11480,2862,6338,2280,3117,4754,3609,72,2,60,307,917,609,1113,400,470,364,187,678,182,799,865,1976,258,1465,406,350,7541,381,173,3116,37,232,5034,6446,2440,1703,2365,2110,5936,5544,0,0,0,0
Littlerock,532,120,281,131,146,213,173,6,4,5,48,50,23,60,20,23,11,5,18,6,21,51,95,10,53,13,10,424,44,11,30,5,18,258,274,105,95,128,84,277,255,0,0,0,0
Lomita,11687,2479,6295,2913,2405,3680,5602,58,19,58,547,1001,622,1260,801,345,354,254,738,178,720,1034,1557,243,1135,391,372,8245,823,161,1915,87,456,7885,3802,1562,1901,2785,2960,5893,5794,0,0,0,0
Long Beach,204001,48729,114174,41098,45284,69804,88913,1248,292,1186,7975,16694,10114,19150,11446,4990,6080,3829,12279,4073,16048,18034,30438,4933,21637,6761,6794,134849,27253,2457,31387,1831,6224,128954,75047,30650,32604,47855,44163,102760,101241,0,0,0,0
Lopez/Kagel Canyons,882,214,423,245,198,328,356,12,0,10,44,65,39,74,29,49,26,10,49,10,59,77,156,15,102,40,16,665,77,10,92,7,31,547,335,118,131,200,219,446,436,0,0,0,0
Los Feliz,19156,3741,11813,3602,5765,4794,8597,82,4,56,293,569,617,1250,314,4152,650,405,1979,219,986,1296,2665,712,1823,711,373,15088,1013,155,2248,44,608,15790,3366,2124,2782,4512,5997,9958,9198,0,0,0,0
Lynwood,25793,7201,13830,4762,5601,12437,7755,246,22,89,1273,3415,1660,2876,1613,379,572,382,888,339,2444,1594,3406,396,2723,795,681,21293,2770,398,876,118,338,5382,20411,6663,4361,4851,2717,13522,12271,0,0,0,0
Malibu,4190,706,1951,1533,1211,921,2058,58,1,16,174,176,146,339,62,684,172,104,460,51,197,373,425,130,378,154,90,3616,169,28,221,18,138,3703,487,340,644,1022,1478,2275,1915,0,0,0,0
Manchester Square,5062,1136,2846,1080,1473,1885,1704,23,3,52,118,229,156,452,343,174,94,96,193,68,494,471,1015,112,479,186,304,1582,3135,48,159,11,127,3662,1400,850,960,1338,778,2275,2787,0,0,0,0
Manhattan Beach,14559,2262,8584,3713,2356,2384,9819,88,11,78,395,1125,704,1037,515,1372,777,407,2177,261,718,1205,1405,373,1110,474,327,11878,386,65,1820,30,380,12963,1596,1140,2121,3626,5410,7845,6714,0,0,0,0
Marina del Rey,4536,788,2836,912,830,702,3004,27,3,20,79,224,171,324,104,777,191,102,745,60,223,312,478,145,379,111,61,3549,343,33,453,15,143,4016,520,370,649,1144,1585,2271,2265,0,0,0,0
Mar Vista,16371,3439,9523,3409,3430,3824,9117,85,4,37,360,562,525,1223,324,2397,666,457,2164,219,823,1553,1863,534,1663,627,285,12408,901,196,2264,38,564,12591,3780,1700,2336,3691,5205,8656,7715,0,0,0,0
Mayflower Village,5564,1142,3068,1354,1299,1877,2388,28,0,61,192,364,322,545,161,182,205,99,313,89,369,516,1032,124,545,195,222,3805,294,57,1227,28,153,2967,2597,962,888,1279,1293,2653,2911,0,0,0,0
Maywood,9624,2810,5024,1790,2140,4790,2694,89,4,24,386,1439,885,1067,536,135,211,132,287,134,888,581,1166,158,961,312,229,8655,319,154,322,39,135,1373,8251,2659,1536,1672,947,5069,4555,0,0,0,0
Mid-City,23686,5915,13031,4740,6003,8297,9386,135,5,106,518,890,798,2282,679,2213,756,572,1950,328,1782,1781,3607,716,2915,1108,545,14694,5576,369,2156,100,791,14497,9189,3896,3780,5209,4886,12052,11634,0,0,0,0
Mid-Wilshire,22407,4790,13137,4480,5670,5321,11416,104,3,57,341,666,804,1692,465,4021,885,557,2570,293,1288,1527,2923,835,2109,869,398,14105,3100,174,4260,61,707,18595,3812,2331,3200,5113,6973,11200,11207,0,0,0,0
Mission Hills,8623,2043,4719,1861,2086,3399,3138,62,4,48,404,689,345,935,244,461,326,167,421,128,623,676,1561,144,881,340,164,6774,453,151,1039,32,174,3410,5213,1724,1330,1917,1609,4229,4394,0,0,0,0
Monrovia,1521,329,837,355,317,576,628,13,1,21,63,142,112,136,59,25,49,13,66,25,124,152,210,19,145,43,103,1117,70,33,261,5,35,581,940,312,212,344,324,782,739,0,0,0,0
Montebello,27822,6484,15357,5981,6276,10811,10735,227,3,221,971,2585,1873,2970,1302,598,835,392,1170,452,2035,2308,4352,607,2765,879,1277,22037,807,525,3864,100,489,8205,19617,5973,4744,6030,4591,13912,13910,0,0,0,0
Montecito Heights,7648,1540,4539,1569,1806,2568,3274,49,2,57,218,433,361,613,211,617,256,139,500,107,448,782,1225,198,743,291,398,5390,461,144,1448,19,186,3942,3706,1372,1180,1750,1806,3895,3753,0,0,0,0
Monterey Park,25859,5158,14513,6188,6604,8781,10474,165,5,223,674,1936,1881,2438,840,600,1022,367,1699,396,1355,1795,4795,555,2989,920,1204,9196,561,250,15303,69,480,18418,7441,4418,3783,5557,6943,12599,13260,0,0,0,0
Mount Washington,6163,1122,3648,1393,1447,1896,2820,30,3,38,172,338,276,506,153,702,232,112,484,75,390,588,886,191,572,219,196,4709,281,73,885,14,201,3843,2320,954,989,1467,1631,3203,2960,0,0,0,0
Northeast Antelope Valley,2717,701,1311,705,727,995,995,42,6,16,176,257,101,346,102,70,64,49,107,22,162,274,445,54,261,90,73,1942,250,66,300,24,135,1687,1030,409,473,627,507,1453,1264,0,0,0,0
North El Monte,1699,305,875,519,372,526,801,9,2,24,47,122,93,134,45,55,69,38,112,28,95,160,320,51,165,51,79,948,39,9,676,2,25,1208,491,268,267,396,463,847,852,0,0,0,0
North Hills,23369,5781,12378,5210,5842,9118,8409,183,6,97,1135,1798,881,2713,568,1289,820,484,1284,322,1689,1465,4444,426,2357,907,501,16695,1485,300,4320,67,502,11894,11475,4192,3588,4974,4834,11830,11539,0,0,0,0
North Hollywood,38784,10064,21569,7151,11843,14054,12887,237,10,112,1102,1829,1203,3584,793,6098,1148,840,2771,458,2661,2321,5894,1206,4413,1554,550,30485,3484,436,3150,112,1117,23136,15648,6106,5902,8281,8431,19879,18905,0,0,0,0
Northridge,28866,6523,15237,7106,7114,9048,12704,253,4,176,1016,1819,1078,2810,636,1931,1194,594,2060,410,1796,2848,4926,692,2717,1208,698,19941,2108,268,5624,70,855,19598,9268,3726,4345,6606,7666,14592,14274,0,0,0,0
Northwest Antelope Valley,2016,440,986,590,498,609,909,19,4,23,120,188,77,236,79,69,54,29,99,16,106,241,303,34,168,58,93,1578,140,43,171,11,73,1430,586,270,359,477,470,1085,931,0,0,0,0
Northwest Palmdale,1641,302,842,497,352,429,860,26,6,22,115,167,58,130,57,78,55,35,79,13,68,192,264,25,127,34,90,1400,76,23,98,2,42,1199,442,206,274,434,425,878,763,0,0,0,0
North Whittier,2171,447,1208,516,446,645,1080,13,1,29,95,194,135,202,90,48,60,36,90,39,136,274,333,42,169,86,99,1776,65,22,265,6,37,772,1399,407,356,512,449,1082,1089,0,0,0,0
Norwalk,48076,11960,26535,9581,10119,18608,19349,349,33,233,2343,5301,3232,5312,2355,739,1267,652,2093,814,3888,3582,6774,1240,4703,1426,1740,36287,2656,799,7172,252,910,17024,31052,9958,7850,10326,7982,24603,23473,0,0,0,0
Pacific Palisades,9614,1397,5071,3146,2112,1966,5536,48,5,13,215,372,370,718,168,1401,469,307,1286,143,512,853,1126,342,727,417,122,8004,335,85,890,25,275,8473,1141,820,1352,2261,3784,5188,4426,0,0,0,0
Pacoima,29729,8158,15838,5733,6696,13919,9114,282,12,134,2026,3728,1247,3343,925,977,724,528,1186,358,2343,2029,4890,447,2973,979,598,25474,1719,495,1469,103,469,5805,23924,7652,4729,5641,3549,15274,14455,0,0,0,0
Palmdale,60936,14855,33672,12409,14834,22188,23914,574,84,411,3370,6390,2019,6884,2304,1679,1540,915,2550,622,3767,5550,10830,1189,5906,1760,2592,46076,8357,921,3885,224,1473,28754,32182,11537,10584,13912,10048,31104,29832,0,0,0,0
Palms,22633,5938,13011,3684,4194,5489,12950,101,3,78,371,776,665,1672,494,3133,904,578,3130,308,1331,2221,2683,719,2240,837,389,14753,2196,195,4609,61,819,17887,4746,2360,2994,4819,6522,11624,11009,0,0,0,0
Palos Verdes Estates,6459,1121,3149,2189,1204,1468,3787,28,5,25,241,507,376,544,248,321,333,179,746,107,361,507,881,157,532,209,152,4478,279,55,1395,21,231,5552,907,596,930,1548,2264,3531,2928,0,0,0,0
Panorama City,26998,7075,14149,5774,6891,11565,8542,201,5,108,1373,2241,996,3152,756,1047,763,539,1359,298,2136,1475,5535,489,2981,1039,505,19582,1308,394,5204,58,452,11055,15943,5478,4202,5340,4903,13725,13273,0,0,0,0
Paramount,22499,6223,12277,3999,5034,9769,7696,169,28,103,1162,2785,1282,2541,1387,334,494,334,816,343,2214,1454,3055,459,2138,681,720,17151,3080,327,1400,160,381,6648,15851,5091,3890,4483,2812,11451,11048,0,0,0,0
Pasadena,63695,12206,36300,15189,13741,17539,32415,385,21,484,1471,2822,2208,4884,1327,4590,3299,1136,6208,997,3834,7523,10791,1566,5740,2242,2167,43570,6601,622,10781,162,1959,43954,19741,8218,9668,15142,18461,31841,31854,0,0,0,0
Pico Rivera,28076,6894,15487,5695,6068,11212,10796,166,12,242,1155,2994,1991,3075,1415,483,726,397,952,453,2062,2420,4200,516,2692,870,1255,24605,804,552,1591,94,430,4864,23212,6597,4800,5985,3800,14160,13916,0,0,0,0
Pico-Robertson,8621,1988,4808,1825,2050,2173,4398,44,2,18,151,248,321,670,154,1204,362,227,1045,126,495,697,1256,286,866,349,100,6751,593,48,888,14,327,7494,1127,797,1221,1956,2659,4364,4257,0,0,0,0
Pico-Union,13810,4050,6865,2895,3611,6636,3563,109,2,40,405,862,741,1650,448,635,375,334,729,176,1169,880,2032,314,1999,680,230,10249,1026,265,1943,35,292,4837,8973,3052,2141,2521,2046,7056,6754,0,0,0,0
Playa del Rey,5930,1123,3569,1238,1039,1079,3812,36,3,22,123,352,209,373,219,787,281,189,920,92,298,520,624,156,458,154,114,4589,403,30,696,16,196,5097,833,523,824,1365,2095,3041,2889,0,0,0,0
Playa Vista,4201,768,2732,701,683,781,2737,22,2,14,90,220,158,311,121,567,183,111,691,58,214,384,421,109,311,131,83,2722,397,18,903,16,145,3509,692,431,613,991,1398,2149,2052,0,0,0,0
Pomona,60999,15959,32622,12418,14759,25010,21230,488,29,393,3562,6254,3837,6508,3169,995,1606,836,2443,799,5409,5039,8823,1014,6251,1896,1648,46711,4465,1086,7304,232,1201,22200,38799,12797,10132,12819,9292,31829,29170,0,0,0,0
Porter Ranch,11933,2075,6419,3439,2689,3020,6224,98,4,72,416,713,478,1028,243,1016,608,252,1004,156,680,1153,2082,250,1003,420,257,7783,537,76,3201,13,323,9955,1978,1206,1634,2938,4080,5951,5982,0,0,0,0
Quartz Hill,5435,1166,2912,1357,1176,1633,2626,46,18,51,294,532,189,512,185,185,154,65,244,50,264,726,950,96,424,142,308,4467,401,68,311,25,163,3805,1630,678,971,1410,1210,2808,2627,0,0,0,0
Ramona,1473,307,768,398,322,450,701,15,1,22,73,105,106,148,64,30,57,26,78,19,92,119,242,37,133,51,55,958,72,15,369,4,55,914,559,207,250,366,343,759,714,0,0,0,0
Rancho Dominguez,1613,371,775,467,353,691,569,24,2,13,71,151,98,159,104,42,35,31,97,27,157,96,209,17,171,67,42,1042,356,16,151,10,38,1177,436,265,280,395,302,824,789,0,0,0,0
Rancho Palos Verdes,20835,3371,10998,6466,3907,4507,12421,120,25,123,736,1829,1328,1684,1402,836,813,490,1987,340,1057,1980,2784,441,1603,614,643,13000,955,204,5826,79,771,17278,3557,2036,3138,5148,7142,11015,9820,0,0,0,0
Rancho Park,2167,416,1316,435,428,418,1321,15,0,9,47,69,73,143,46,331,89,60,286,32,98,251,252,80,166,74,46,1549,122,9,422,5,60,1840,327,224,295,503,729,1118,1049,0,0,0,0
Redondo Beach,32827,5108,20260,7459,5399,6201,21227,162,29,162,910,3402,1623,2232,1483,2369,1422,877,4031,581,1701,2908,3466,783,2819,991,876,24855,1573,204,4995,126,1074,27200,5627,3190,4971,8212,11346,17074,15753,0,0,0,0
Reseda,31219,7103,17272,6844,7738,11577,11904,254,9,96,1291,1896,1220,3461,697,1963,1294,614,2154,446,2223,2001,5991,649,3248,1229,483,23208,1940,403,4840,74,754,16880,14339,5331,4836,6828,7121,15744,15475,0,0,0,0
Ridge Route,744,173,365,206,179,222,343,4,0,5,38,65,29,82,25,50,22,10,54,4,36,68,108,26,71,18,29,568,40,12,92,5,27,545,199,93,124,166,188,385,359,0,0,0,0
Rolling Hills Estates,5101,864,2562,1675,1004,1228,2869,35,4,17,217,483,307,412,246,222,194,100,505,63,265,516,736,100,402,153,124,3180,294,62,1372,23,170,4166,935,559,758,1202,1718,2733,2368,0,0,0,0
Rolling Hills,1798,320,830,648,371,472,955,16,2,2,70,157,101,166,68,78,83,45,159,32,112,182,227,43,148,66,41,1208,123,12,365,9,81,1434,364,197,256,475,550,943,855,0,0,0,0
Rosemead,23905,5052,13237,5616,6803,9218,7884,143,7,138,716,2281,1757,2446,813,526,814,289,1286,335,1281,1460,4623,451,2815,886,838,8842,503,276,13874,62,348,16540,7365,4569,3660,4930,5694,11787,12118,0,0,0,0
Rowland Heights,21470,4502,11319,5649,4755,7506,9209,184,9,142,652,1712,2369,2416,849,420,781,344,1223,341,1263,1438,3327,411,2184,665,740,8530,621,215,11607,63,434,15400,6070,3073,3187,4682,6026,10636,10834,0,0,0,0
San Dimas,15023,2891,8170,3962,2962,4259,7802,120,6,178,774,1142,874,1410,546,421,558,232,847,224,830,1910,2252,307,1210,469,713,11716,594,139,2152,33,389,9801,5222,1912,2408,3871,3941,7453,7570,0,0,0,0
San Fernando,10690,2823,5872,1995,2320,4432,3938,99,3,90,636,1269,434,1203,362,370,308,207,480,143,735,859,1577,201,1052,359,303,9530,350,211,376,25,198,2083,8607,2527,1755,2158,1427,5443,5247,0,0,0,0
San Gabriel,17438,3385,9686,4367,4262,5823,7353,116,3,125,414,1144,1251,1603,529,541,753,276,1222,284,895,1267,3361,329,1988,628,709,6581,438,171,9900,38,310,12884,4554,2760,2525,3770,4998,8440,8998,0,0,0,0
San Marino,4900,734,2573,1593,796,1184,2920,45,5,29,118,249,418,419,140,212,315,109,524,75,255,387,856,78,361,136,169,1927,66,18,2763,10,116,4380,520,538,651,1112,1865,2497,2403,0,0,0,0
San Pasqual,952,165,528,259,178,235,539,4,0,4,21,57,38,67,20,34,64,15,127,14,45,103,156,20,80,35,48,607,59,7,246,1,32,750,202,104,142,222,319,496,456,0,0,0,0
San Pedro,36215,7723,19586,8906,8063,12058,16094,433,37,233,1454,2714,1661,3623,4627,835,921,881,1967,590,2249,2806,4652,744,3586,1169,1033,28235,2820,569,3180,234,1177,21263,14952,5558,6287,8803,7844,18503,17712,0,0,0,0
Santa Clarita,94118,18988,52559,22571,20287,25837,47994,683,61,945,4331,7431,3668,9051,3060,7108,3377,1665,6265,1161,5261,9060,13340,2947,7908,2694,4102,74989,4731,850,10858,215,2475,65981,28137,11467,14658,23452,25553,49273,44845,0,0,0,0
Santa Fe Springs,8432,2030,4634,1768,1686,3096,3650,47,7,45,435,912,734,822,383,143,231,137,321,145,626,783,1089,230,750,230,362,6956,317,158,767,40,194,2290,6142,1699,1476,1958,1269,4390,4042,0,0,0,0
Santa Monica,46147,8597,26908,10642,10151,9672,26324,266,8,129,857,1529,1575,3370,903,7735,2038,1293,6350,568,2265,4224,5008,1483,4173,1614,759,36885,2674,322,4814,114,1338,38422,7725,4503,6652,10637,15758,23740,22407,0,0,0,0
Sawtelle,20013,4993,11250,3770,3911,4346,11756,116,5,61,324,591,618,1444,323,3171,939,602,3091,280,1055,1777,2164,640,1876,652,284,14264,1046,156,3774,62,711,16453,3560,1854,2564,4322,6280,10485,9528,0,0,0,0
Sepulveda Basin,289,55,154,80,101,77,111,0,0,2,8,7,8,26,4,70,11,9,26,7,14,16,39,7,24,10,1,213,29,2,39,0,6,219,70,29,46,71,88,160,129,0,0,0,0
Shadow Hills,7561,1280,4107,2174,2048,2205,3308,46,0,64,341,426,230,640,154,913,274,141,542,69,451,591,1477,206,517,240,239,6347,243,74,675,13,209,5973,1588,854,1261,1851,2315,3798,3763,0,0,0,0
Sherman Oaks,37925,6745,22446,8734,11562,8918,17445,188,11,110,912,1242,1085,2601,535,8217,1542,922,3840,493,2075,2666,5090,1387,3171,1356,482,30290,2818,217,3375,87,1138,31958,5967,3693,5854,9166,12467,19396,18529,0,0,0,0
Sierra Madre,5038,728,2784,1526,1000,1127,2911,35,2,40,160,260,181,377,93,379,294,70,505,78,254,685,765,130,359,164,207,4010,161,48,675,6,138,4104,934,528,727,1324,1731,2515,2523,0,0,0,0
Signal Hill,63841,15201,35642,12998,14299,22934,26608,352,101,351,2647,5813,3162,6228,3979,1429,1799,1166,3380,1181,5366,4943,10158,1442,6189,1949,2206,39282,11177,856,9924,804,1798,36347,27494,10846,10636,14868,12290,32007,31834,0,0,0,0
Silver Lake,16166,3134,9953,3079,4561,4300,7305,93,2,75,292,622,527,1178,299,3153,530,348,1527,208,916,1253,1971,592,1643,561,376,12355,851,171,2269,44,476,12234,3932,1975,2390,3735,4932,8519,7647,0,0,0,0
South Diamond Bar,39,11,17,11,9,10,20,0,0,0,1,0,3,8,3,0,0,0,0,1,5,1,5,1,8,3,0,9,0,0,29,0,1,37,2,2,4,12,10,25,14,0,0,0,0
Southeast Antelope Valley,3440,800,1729,911,877,1116,1447,42,5,29,196,328,120,385,99,140,78,67,158,38,193,397,505,75,333,110,142,2514,318,70,392,21,125,2270,1170,501,542,827,770,1776,1664,0,0,0,0
South El Monte,8562,2269,4524,1769,2022,3813,2727,65,4,50,413,1117,657,928,369,136,212,116,345,163,634,551,1240,150,897,246,269,6353,201,161,1709,18,120,2634,5928,1923,1452,1625,1293,4478,4084,0,0,0,0
South Gate,36542,9834,19617,7091,7820,16926,11796,349,26,177,1846,4896,2675,4141,2229,468,767,543,1280,510,3084,2392,4669,552,3786,1182,970,32630,1260,661,1367,119,505,5888,30654,9796,5960,6885,4067,19007,17535,0,0,0,0
South Park,9796,3151,4900,1745,2536,5141,2119,75,0,50,395,1103,574,1109,493,205,203,161,356,123,992,555,1431,164,1217,393,197,7534,1599,192,283,44,144,2671,7125,2380,1536,1750,979,5085,4711,0,0,0,0
South Pasadena,11796,1932,7070,2794,2322,2969,6505,87,7,112,230,566,567,875,241,756,648,221,1177,188,666,1469,1700,309,1004,401,572,7305,549,89,3477,22,354,9134,2662,1293,1747,2818,4006,5827,5969,0,0,0,0
South San Gabriel,3603,766,1994,843,904,1351,1348,28,1,27,96,346,273,378,140,80,106,42,198,60,213,245,627,67,402,129,145,1706,95,54,1667,6,75,2151,1452,663,568,758,848,1744,1859,0,0,0,0
South San Jose Hills,8907,2362,4689,1856,1988,3677,3242,65,1,61,402,1068,672,957,426,138,267,119,365,142,764,547,1269,155,893,299,297,7056,234,147,1316,29,125,2347,6560,2003,1440,1815,1287,4577,4330,0,0,0,0
South Whittier,27406,6713,15291,5402,5666,10199,11541,189,23,193,1451,2879,2118,2901,1377,417,798,394,1046,442,2161,2186,3669,655,2581,798,1128,23451,786,512,2046,110,501,7872,19534,5569,4688,6050,4386,14310,13096,0,0,0,0
Stevenson Ranch,9292,1616,5545,2131,1996,2101,5195,75,6,89,381,691,389,857,275,819,404,167,777,126,481,773,1395,307,671,231,378,6326,528,67,2079,17,275,7361,1931,1028,1404,2313,2931,4920,4372,0,0,0,0
Studio City,22608,3761,13348,5499,7538,4447,10623,75,6,61,404,678,614,1344,301,6335,849,538,2287,255,1203,1351,2595,879,1851,702,280,17967,1662,145,2055,51,728,19397,3211,2029,3392,5674,7752,11875,10733,0,0,0,0
Sunland,8170,1485,4457,2228,2172,2578,3420,63,2,76,324,520,301,724,171,635,262,155,553,85,457,606,1796,196,670,243,331,6866,229,76,755,21,223,6256,1914,1024,1346,2000,2315,3976,4194,0,0,0,0
Sun Valley,34290,8735,18449,7106,8825,14456,11009,247,11,151,1611,2955,1392,3761,996,1910,927,718,1664,372,2303,2128,6631,695,3702,1361,755,27712,1453,482,3824,80,739,14421,19869,7026,5485,6956,6088,17430,16860,0,0,0,0
Sun Village,4488,1178,2293,1017,1109,1783,1596,52,6,29,310,418,171,561,190,121,107,50,182,49,317,384,749,83,418,123,168,3704,376,72,233,12,91,1860,2628,896,773,946,695,2370,2118,0,0,0,0
Sylmar,35162,8470,19573,7119,7543,13694,13925,310,12,241,2096,3795,1517,3710,953,1656,1150,619,1665,456,2388,2720,5821,701,3184,1154,1014,29262,1658,624,2825,96,697,10914,24248,7575,5747,7509,5861,17713,17449,0,0,0,0
Tarzana,16746,3045,9307,4394,4344,4888,7514,108,6,49,599,739,605,1527,288,1697,716,445,1662,225,1065,1261,3041,468,1386,581,278,13392,1017,123,1538,45,631,13445,3301,1820,2585,4079,5217,8305,8441,0,0,0,0
Temple City,15972,2733,9106,4133,3661,5035,7276,107,4,152,418,1001,1245,1514,490,483,761,269,1103,274,747,1345,3022,277,1540,512,708,6132,349,129,9002,39,321,12583,3389,2265,2324,3678,4972,7627,8345,0,0,0,0
Toluca Lake,5688,1006,3404,1278,1935,1248,2505,22,2,15,129,159,158,357,60,1722,148,127,532,63,327,309,599,232,466,194,67,4611,422,32,457,10,156,4835,853,534,882,1357,1909,2931,2757,0,0,0,0
Topanga,3334,431,1751,1152,861,736,1737,33,1,8,116,139,104,232,48,575,155,94,380,30,159,332,364,130,259,110,65,2875,119,25,222,7,86,2945,389,293,473,884,1253,1779,1555,0,0,0,0
Torrance,66659,11760,38274,16625,12216,16379,38064,384,60,369,1872,6686,4019,5849,3913,2636,2417,1436,6304,1042,3830,5930,8532,1316,6014,1999,2051,38776,3161,479,21474,291,2478,53685,12974,7164,9846,16352,21537,34315,32344,0,0,0,0
Tujunga Canyons,1482,338,732,412,390,464,628,12,0,10,86,103,74,164,49,105,31,30,64,11,72,164,228,35,156,49,39,1071,153,33,160,20,45,960,522,219,242,335,348,747,735,0,0,0,0
Tujunga,14060,2675,7818,3567,4002,4518,5540,81,4,84,510,687,497,1324,293,933,481,264,971,142,798,1056,3465,354,1130,471,515,11611,433,105,1445,18,448,10859,3201,1725,2273,3431,3956,6777,7283,0,0,0,0
Unincorporated Catalina Island,474,121,222,131,147,151,176,2,0,3,24,40,23,47,11,6,13,12,13,7,31,59,55,14,83,15,16,325,50,21,63,9,6,328,146,69,71,122,91,250,224,0,0,0,0
Unincorporated Santa Monica Mountains,3755,699,1864,1192,993,830,1932,36,0,3,131,193,147,349,64,447,200,90,402,51,192,422,406,112,331,116,63,3144,199,35,250,9,118,3144,611,342,519,894,1301,1998,1757,0,0,0,0
Unincorporated Santa Susana Mountains,3270,676,1808,786,767,886,1617,22,0,17,129,248,159,313,86,304,140,53,255,39,192,272,456,102,286,101,96,2272,210,41,609,11,127,2438,832,373,501,807,913,1732,1538,0,0,0,0
Universal City,216,72,94,50,62,83,71,1,0,3,16,18,11,31,8,9,6,4,13,3,7,19,22,7,28,6,4,123,29,12,38,0,14,128,88,33,28,42,41,116,100,0,0,0,0
University Park,6099,1944,2932,1223,1644,2359,2096,55,2,22,194,366,267,644,198,301,207,136,442,92,523,552,800,169,741,265,123,4192,636,89,993,13,176,3512,2587,1038,867,1185,1065,3273,2826,0,0,0,0
Valinda,9977,2461,5414,2102,2229,3999,3749,75,8,61,471,1060,739,1124,456,159,320,125,403,139,775,746,1512,164,1001,294,345,7349,328,164,1914,39,183,3289,6688,2155,1651,2087,1623,5163,4814,0,0,0,0
Valley Glen,28081,6199,15753,6129,8825,9682,9574,165,7,76,897,1297,976,2746,535,3640,866,583,1934,315,1792,1766,5427,734,2741,1124,460,23158,1693,272,2164,57,737,18771,9310,4048,4412,6397,7025,14068,14013,0,0,0,0
Valley Village,14089,2800,8177,3112,4664,3700,5725,75,2,32,316,453,401,1027,225,3219,495,302,1249,139,814,847,1976,510,1331,508,168,11349,1135,127,1048,35,395,11419,2670,1447,2166,3332,4344,7193,6896,0,0,0,0
Val Verde,1111,267,610,234,297,361,453,4,1,10,71,97,50,133,37,75,33,23,64,17,79,82,149,30,94,35,27,883,68,22,105,1,32,537,574,185,177,249,233,584,527,0,0,0,0
Van Nuys,44956,11168,24553,9235,12781,17624,14551,306,8,133,1879,2517,1640,4916,1111,4046,1502,1063,2905,607,3307,2556,8085,1059,4833,1810,673,35214,3603,541,4363,124,1111,23185,21771,8151,7131,9511,8995,22611,22345,0,0,0,0
Venice,17545,3545,10477,3523,3766,3756,10023,110,5,46,332,713,648,1357,402,2859,683,512,2468,250,913,1346,1647,615,1811,579,249,14360,1081,154,1387,58,505,14547,2998,1669,2649,4020,5662,9261,8284,0,0,0,0
Vermont Knolls,7827,2115,4157,1555,2283,3663,1881,68,2,31,269,589,342,820,511,206,168,134,280,73,824,511,1425,141,884,319,230,4481,2737,131,283,36,159,3739,4088,1692,1351,1717,952,3780,4047,0,0,0,0
Vermont-Slauson,10805,2992,5644,2169,2891,5146,2768,95,6,39,357,789,503,1191,609,287,235,218,461,152,1052,715,1819,208,1305,494,270,7211,2663,208,445,48,230,3992,6813,2518,1805,2213,1277,5333,5472,0,0,0,0
Vermont Square,19029,5184,9916,3929,5050,8971,5008,141,6,90,590,1340,869,2097,921,580,423,370,862,221,1874,1217,3205,374,2385,906,558,12192,5274,361,780,55,367,7698,11331,4311,3210,3990,2334,9561,9468,0,0,0,0
Vermont Vista,9557,2567,5046,1944,2643,4425,2489,61,5,26,358,757,403,957,645,218,207,179,373,114,975,674,1700,180,1090,355,280,5546,3280,150,354,33,194,4396,5161,2133,1650,2040,1167,4676,4881,0,0,0,0
Vernon,348,83,166,99,67,132,149,1,0,2,13,63,63,37,23,1,5,5,7,5,14,18,37,4,33,12,5,243,21,6,59,2,17,229,119,48,62,78,77,209,139,0,0,0,0
Veterans Administration,313,66,145,102,135,78,100,0,0,0,11,14,18,30,7,65,7,4,24,1,17,26,29,9,34,11,6,199,62,6,36,3,7,260,53,34,56,79,78,182,131,0,0,0,0
View Park-Windsor Hills,5032,844,2687,1501,1142,1216,2674,19,2,49,75,155,162,354,223,447,168,95,416,47,361,593,891,130,317,155,373,1157,3370,31,274,10,190,4452,580,574,919,1482,1213,2215,2817,0,0,0,0
Vincent,7056,1743,3813,1500,1552,2675,2829,57,4,63,364,705,458,825,322,128,197,91,306,106,553,602,994,103,681,215,282,5798,208,90,781,24,155,2135,4921,1449,1191,1550,1123,3559,3497,0,0,0,0
Walnut,13699,2732,7183,3784,2908,3998,6793,75,2,157,457,992,1357,1364,518,293,563,167,832,194,760,1238,2412,222,1134,380,582,4976,496,81,7863,24,259,10433,3266,1789,1936,3104,4138,6594,7105,0,0,0,0
Walnut Park,6078,1682,3196,1200,1391,2853,1834,50,2,20,279,824,428,737,347,79,124,95,206,93,506,402,810,97,608,230,141,5400,189,145,247,13,84,915,5163,1677,951,1135,633,3238,2840,0,0,0,0
Watts,13717,4035,7182,2500,3757,6879,3081,120,8,55,550,1444,755,1389,832,230,283,234,458,159,1525,787,2350,238,1504,470,326,9372,3374,257,449,54,211,4719,8998,3224,2394,2720,1344,6874,6843,0,0,0,0
West Adams,9491,2379,5154,1958,2407,3985,3099,50,1,35,257,451,322,989,361,551,288,215,637,101,767,752,1485,249,1293,428,259,6086,2488,170,458,34,255,4390,5101,1979,1568,2067,1498,4756,4735,0,0,0,0
West Carson,10795,2170,5878,2747,2111,3561,5123,71,10,58,394,1098,616,1011,811,282,291,205,665,161,732,649,1759,180,991,383,428,5456,1171,138,3561,117,352,7429,3366,1542,1709,2569,2805,5465,5330,0,0,0,0
Westchester,4975,1096,2848,1031,1005,1551,2419,35,3,29,160,436,248,455,350,241,149,109,410,66,333,435,550,92,555,189,130,3819,352,61,550,46,147,2888,2087,821,785,1139,1134,2580,2395,0,0,0,0
West Compton,2629,650,1384,595,634,1117,878,13,3,8,101,216,146,262,207,42,41,34,83,29,272,191,447,51,256,96,131,1324,1063,42,129,12,59,1444,1185,511,473,617,378,1251,1378,0,0,0,0
West Covina,48740,10952,26725,11063,10712,16640,21388,369,26,389,1889,4131,3395,5215,2033,968,1702,661,2333,754,3348,4145,8179,884,4599,1540,2180,29966,2521,720,14340,166,1027,24699,24041,8268,7870,10925,10725,24204,24536,0,0,0,0
West Hills,16197,2812,8689,4696,3657,4215,8325,96,7,69,624,962,594,1423,282,1515,1046,349,1588,223,972,1397,2550,368,1277,554,301,12243,668,106,2641,31,508,13446,2751,1547,2467,4022,5349,8135,8062,0,0,0,0
West Hollywood,21454,4186,12975,4293,5878,4659,10917,91,4,55,302,592,653,1387,390,4761,837,549,2542,234,1202,1125,2505,945,2201,805,274,17659,1298,141,1642,53,661,18397,3057,1894,3183,5018,7173,12165,9289,0,0,0,0
Westlake,36674,10434,18770,7470,9738,15829,11107,279,4,97,944,2096,1900,3814,1028,2031,1174,869,2504,574,2962,2095,6062,824,5063,1702,652,23044,2998,681,8822,147,982,18912,17762,6892,5513,6915,6920,18991,17683,0,0,0,0
Westlake Village,4066,657,2038,1371,1014,870,2182,34,1,14,170,258,161,285,74,417,303,107,423,60,251,368,478,126,342,112,82,3471,110,23,356,8,98,3564,502,354,559,1021,1475,2128,1938,0,0,0,0
West Los Angeles,6722,1235,3964,1523,1312,1257,4153,19,1,19,110,194,225,382,96,1064,380,203,929,109,384,671,802,243,548,248,95,4971,258,22,1190,15,266,6033,689,515,922,1494,2556,3429,3293,0,0,0,0
Westmont,12242,3098,6575,2569,3547,5174,3521,59,3,67,369,764,497,1244,853,314,262,229,483,166,1267,890,2444,245,1212,396,478,5718,5567,173,489,39,256,6908,5334,2349,2202,2962,1631,5713,6529,0,0,0,0
West Puente Valley,10206,2702,5413,2091,2261,4275,3670,74,4,62,453,1262,735,1139,454,153,310,153,347,172,818,762,1555,139,985,313,316,7952,380,180,1490,25,179,2761,7445,2317,1663,2087,1437,5266,4940,0,0,0,0
West San Dimas,117,24,68,25,19,30,68,2,1,1,8,10,4,7,4,4,6,2,3,0,9,17,19,3,8,6,3,90,3,1,16,5,2,79,38,17,11,40,25,55,62,0,0,0,0
West Whittier-Los Nietos,12377,2986,6952,2439,2521,4590,5266,106,9,115,550,1311,880,1304,600,196,367,162,476,215,903,1133,1773,247,1179,366,485,10925,325,264,606,40,217,2566,9811,2678,2137,2746,1830,6320,6057,0,0,0,0
Westwood,16805,3627,9194,3984,4082,3476,9247,106,6,31,303,617,660,1193,294,2407,701,432,2049,234,858,1956,2093,532,1485,634,214,12321,835,93,2829,47,680,14753,2052,1379,2265,3730,5804,8793,8012,0,0,0,0
Whittier,9453,2076,5340,2037,1886,2974,4593,72,7,107,466,782,639,925,412,178,306,136,419,165,624,1170,1226,269,807,234,509,8122,267,157,712,27,168,4018,5435,1593,1524,2352,1908,4740,4713,0,0,0,0
Whittier Narrows,6,0,6,0,1,0,5,0,0,0,0,0,1,0,1,0,0,0,1,0,0,1,1,0,0,0,1,6,0,0,0,0,0,1,5,0,1,4,1,3,3,0,0,0,0
Willowbrook,13702,3704,7458,2540,3333,6385,3984,92,16,69,596,1603,704,1359,1012,219,269,192,435,164,1431,896,2199,239,1270,421,516,8548,4256,202,422,42,232,5570,8132,3062,2370,3013,1553,6852,6850,0,0,0,0
Wilmington,20124,5734,10511,3879,4682,8787,6655,195,35,95,1011,2193,994,2277,2025,288,429,366,694,301,1701,999,2589,310,2352,772,498,16785,1073,433,1226,180,427,4668,15456,4662,3345,3953,2430,10635,9489,0,0,0,0
Windsor Square,2644,476,1498,670,679,633,1332,9,0,12,39,92,119,203,45,457,133,69,287,38,150,168,361,79,257,83,43,1679,166,19,709,9,62,2294,350,258,396,584,930,1332,1312,0,0,0,0
Winnetka,22151,4799,12199,5153,5409,7694,9048,151,5,73,871,1521,768,2364,467,1461,1094,477,1709,342,1652,1422,3957,487,2161,779,390,15450,1435,222,4401,54,589,13475,8676,3379,3503,4901,5569,11215,10936,0,0,0,0
Woodland Hills,28045,4785,15664,7596,6850,7064,14131,188,6,87,982,1349,972,2566,430,2957,1858,679,2935,447,1794,2222,4197,753,2203,952,468,21884,1694,150,3334,67,916,24183,3862,2666,4250,6914,9430,14212,13833,0,0,0,0
